"iterations","eb_time_correlation","eb_time_p_value"
100000,-0.00174598636571554,0.992433118947006
10000000,-0.0332079794791907,0.856816307473638
