"iterations","eb_time_correlation","eb_time_p_value"
100000,-0.030701885631268,0.867523232807057
10000000,0.233291098310179,0.198790210255881
