"","Df","Sum Sq","Mean Sq","F value","Pr(>F)"
"treatment           ",1,18482.9235610965,18482.9235610965,0.233110131178091,0.630984244665048
"iterations          ",1,710873.957984221,710873.957984221,8.96567694223365,0.00399226217716019
"treatment:iterations",1,169920.532755673,169920.532755673,2.14306992882332,0.148434824687903
"Residuals           ",60,4757302.51645974,79288.375274329,NA,NA
